versao,N,mean,desvio_padrao
SEQ,100000,0.00024368,0.00005968
SEQ,500000,0.00116536,0.00003920
SEQ,1000000,0.00252020,0.00024486
