versao;N;mean;desvio_padrao
SIMD;100000;0.00024276;0.00002261
SIMD;500000;0.00129574;0.00014736
SIMD;1000000;0.00246604;0.00016359
SIMD;10000000;0.02459045;0.00086212
