versao;N;media;desvio_padrao
SIMD;100000;0.00003127;0.00000106
SIMD;500000;0.00016423;0.00002108
SIMD;1000000;0.00077960;0.00013375
SIMD;10000000;0.00558877;0.00035946
