versao,N,mean,desvio_padrao
SIMD,100000,0.00027102,0.00003673
SIMD,500000,0.00113468,0.00004367
SIMD,1000000,0.00246642,0.00010823
