versao;N;media;desvio_padrao
SEQ;100000;0.00001954;0.00000172
SEQ;500000;0.00019086;0.00007379
SEQ;1000000;0.00039846;0.00003783
SEQ;10000000;0.00734422;0.00082119
