versao;N;media;desvio_padrao
SEQ;100000;0.00002227;0.00000310
SEQ;500000;0.00030951;0.00010442
SEQ;1000000;0.00046563;0.00008669
SEQ;10000000;0.00719182;0.00059098
