versao;N;media;desvio_padrao
SIMD;100000;0.00003791;0.00000178
SIMD;500000;0.00021265;0.00002483
SIMD;1000000;0.00065869;0.00017952
SIMD;10000000;0.00548185;0.00052902
