versao;N;mean;desvio_padrao
SEQ;100000;0.00022510;0.00003957
SEQ;500000;0.00105790;0.00004404
SEQ;1000000;0.00213864;0.00005046
SEQ;10000000;0.02223415;0.00089811
